{
    "header": {
        "touch_sound": "commonfiles/sounds/touch_sound_01.mp3",
		"bgm_sound": "commonfiles/sounds/bgm.mp3",
		"bgm_volume": 1.0
    },
    "contents_list": 
[
  {
    "id": "0",
    "cate": "0",
    "code": "0",
    "name": "감동화개",
    "desc": "100년 세월의 작은 나무집에서 한국차의 역사를 느낄 수 있는 차 농가가 운영하는 다실 (2023년 선정 하동군 핫플레이스)",
    "address": "경남 하동군 화개면 화개로 539",
    "tel": "010-9299-1793",
    "programs": "티 클래스 (예약제)\n-> 생활 속 다례\n-> 하동 덖음차의 역사",
    "detail": "null",
    "main_img_url": "commonfiles/images/img_0_0_0.png",
    "sub_img_url": "commonfiles/images/img_0_0_1.png",
    "qr_img_url": "https://teajuri.com",
    "temp_val": "null"
  },
  {
    "id": "1",
    "cate": "0",
    "code": "1",
    "name": "곡천다원",
    "desc": "화개의 사계절을 느낄 수 있는 차를 만드는 다실",
    "address": "경남 하동군 화개면 진목길 13-3",
    "tel": "010-9642-5160",
    "programs": "차담, 차덖음체험\n홍차 블렌딩 체험",
    "detail": "null",
    "main_img_url": "commonfiles/images/img_0_1_0.png",
    "sub_img_url": "commonfiles/images/img_0_1_1.png",
    "qr_img_url": "https://www.instagram.com/gok_chun",
    "temp_val": "null"
  },
  {
    "id": "2",
    "cate": "0",
    "code": "2",
    "name": "도심다원",
    "desc": "천년 차나무의 역사를 간직한 다실",
    "address": "경남 하동군 화개면 신촌도심길 43-22",
    "tel": "010-8214-7799",
    "programs": "차담",
    "detail": "null",
    "main_img_url": "commonfiles/images/img_0_2_0.png",
    "sub_img_url": "commonfiles/images/img_0_2_1.png",
    "qr_img_url": "https://www.instagram.com/dosimdawon_official",
    "temp_val": "null"
  },
  {
    "id": "3",
    "cate": "0",
    "code": "3",
    "name": "대렴차문화원",
    "desc": "여유롭고 고풍스런 분위기가 살아 숨쉬는 한옥 다실",
    "address": "경남 하동군 하동읍 섬진강대로 2764",
    "tel": "010-3830-1722",
    "programs": "티클래스 (예약제)",
    "detail": "null",
    "main_img_url": "commonfiles/images/img_0_3_0.png",
    "sub_img_url": "commonfiles/images/img_0_3_1.png",
    "qr_img_url": "null",
    "temp_val": "null"
  },
  {
    "id": "4",
    "cate": "0",
    "code": "4",
    "name": "법향다원",
    "desc": "1200년의 역사를 이어온 시배지차(녹차, 발효차)를 만나볼 수 있는 유일한 다실",
    "address": "경남 하동군 화개면 화개로 113",
    "tel": "010-3238-2778",
    "programs": "티클래스 (예약제)\n차담, 시배지 차밭 체험",
    "detail": "null",
    "main_img_url": "commonfiles/images/img_0_4_0.png",
    "sub_img_url": "commonfiles/images/img_0_4_1.png",
    "qr_img_url": "null",
    "temp_val": "null"
  },
  {
    "id": "5",
    "cate": "0",
    "code": "5",
    "name": "부춘다원",
    "desc": "섬진강이 내려다보이는 차농가가 운영하는 다실",
    "address": "경남 하동군 화개면 섬진강대로 3904",
    "tel": "010-3878-9516 / 010-5580-9516",
    "programs": "차담, 티클래스",
    "detail": "null",
    "main_img_url": "commonfiles/images/img_0_5_0.png",
    "sub_img_url": "commonfiles/images/img_0_5_1.png",
    "qr_img_url": "https://www.instagram.com/daweonbucun",
    "temp_val": "null"
  },
  {
    "id": "6",
    "cate": "0",
    "code": "6",
    "name": "백학제다",
    "desc": "한국 유일의 우롱자, 만송포 등 각종 품평대회 대상을 받은 차를 만날 수 있는 다실",
    "address": "경남 하동군 악양면 평사리 487",
    "tel": "055-883-6670, 010-7113-6670",
    "programs": "null",
    "detail": "null",
    "main_img_url": "commonfiles/images/img_0_6_0.png",
    "sub_img_url": "commonfiles/images/img_0_6_1.png",
    "qr_img_url": "https://www.instagram.com/teamansong",
    "temp_val": "null"
  },
  {
    "id": "7",
    "cate": "0",
    "code": "7",
    "name": "붓당골차",
    "desc": "수제차를 전문으로 제다하는 한옥 다실",
    "address": "경남 하동군 화개면 화개로 733",
    "tel": "010-3599-8326",
    "programs": "붓당골 차담티코스- 쌀로 만든 디저트와 함께\n즐기는 하동수제차코스",
    "detail": "null",
    "main_img_url": "commonfiles/images/img_0_7_0.png",
    "sub_img_url": "commonfiles/images/img_0_7_1.png",
    "qr_img_url": "https://linktr.ee/bdgtea",
    "temp_val": "null"
  },
  {
    "id": "9",
    "cate": "0",
    "code": "8",
    "name": "조태연가 ",
    "desc": "한국 식품 제조 품목 제1호 녹차 생산 다실",
    "address": "경남 하동군 화개면 맥전길 60",
    "tel": "055-883-1743 / 010-7197-7117",
    "programs": "티 클래스 (차 제다 과정 교육), 예약제",
    "detail": "null",
    "main_img_url": "commonfiles/images/img_0_9_0.png",
    "sub_img_url": "commonfiles/images/img_0_9_1.png",
    "qr_img_url": "https://linktr.ee/jukrotea?utm_source=qr_code",
    "temp_val": "null"
  },
  {
    "id": "10",
    "cate": "0",
    "code": "9",
    "name": "효월수제차",
    "desc": "천상의 이슬차를 즐길 수 있는 다실",
    "address": "경남 하동군 화개면 목압길 10",
    "tel": "010-4693-6070",
    "programs": "제다수업, 제다체험찻집(시음), 예약제",
    "detail": "null",
    "main_img_url": "commonfiles/images/img_0_10_0.png",
    "sub_img_url": "commonfiles/images/img_0_10_1.png",
    "qr_img_url": "https://www.instagram.com/hyoworl",
    "temp_val": "null"
  },
  {
    "id": "11",
    "cate": "1",
    "code": "0",
    "name": "따신골 녹차정원",
    "desc": "섬진강 뷰를 즐기며  소나무와 녹차가 어우러진 곳에서의 건강한 티 캠핑 (2023년 선정 하동군 핫플레이스)",
    "address": "경남 하동군 화개면 섬진강대로 3480-25",
    "tel": "010-9211-0272",
    "programs": "차 체험, 티 캠핑 (예약제)",
    "detail": "null",
    "main_img_url": "commonfiles/images/img_1_0_0.png",
    "sub_img_url": "commonfiles/images/img_1_0_1.png",
    "qr_img_url": "https://naver.me/FUhI5PC1",
    "temp_val": "null"
  },
  {
    "id": "12",
    "cate": "1",
    "code": "1",
    "name": "매암제다원",
    "desc": "하동을 대표하는 펑지다원으로 매암차박물관이 있는 다실 (2024년 선정 하동군 핫플레이스)",
    "address": "경남 하동군 악양면 악양서로 346",
    "tel": "055-883-3500",
    "programs": "매암차박물관, 다원산책",
    "detail": "null",
    "main_img_url": "commonfiles/images/img_1_1_0.png",
    "sub_img_url": "commonfiles/images/img_1_1_1.png",
    "qr_img_url": "https://www.instagram.com/maeamtea66",
    "temp_val": "null"
  },
  {
    "id": "13",
    "cate": "1",
    "code": "2",
    "name": "만수가 만든 차",
    "desc": "창 너머 야생차밭이 펼져지는 전형적인 차 농가 다실",
    "address": "경남 하동군 화개면 모암길 17",
    "tel": "010-3848-1696 / 055-883-1696",
    "programs": "찻자리 기본/심화 운영",
    "detail": "null",
    "main_img_url": "commonfiles/images/img_1_2_0.png",
    "sub_img_url": "commonfiles/images/img_1_2_1.png",
    "qr_img_url": "https://www.instagram.com/mansootea_hadong/",
    "temp_val": "null"
  },
  {
    "id": "14",
    "cate": "1",
    "code": "3",
    "name": "무애산방",
    "desc": "산으로 둘러싸인 작은 마을에 위치한 차농가가 운영하는 다실",
    "address": "경남 하동군 악앙면 주암길 36-7",
    "tel": "010-4019-3478",
    "programs": "티코스(티클래스) 운영 - 예약제\n(당일 예약도 가능하나\n최소 2시간전 문의)",
    "detail": "null",
    "main_img_url": "commonfiles/images/img_1_3_0.png",
    "sub_img_url": "commonfiles/images/img_1_3_1.png",
    "qr_img_url": "https://www.instagram.com/muaesanbang/",
    "temp_val": "null"
  },
  {
    "id": "15",
    "cate": "1",
    "code": "4",
    "name": "연우제다",
    "desc": "자연과 함께하는 연우 다실 (2023년 선정 하동군 핫플레이스)",
    "address": "경남 하동군 하동읍 밤골길 137-24",
    "tel": "010-8988-7606",
    "programs": "차담, 티클래스, 황토방차담, 예약제",
    "detail": "null",
    "main_img_url": "commonfiles/images/img_1_4_0.png",
    "sub_img_url": "commonfiles/images/img_1_4_1.png",
    "qr_img_url": "https://www.instagram.com/youn_woo_greentea_tea",
    "temp_val": "null"
  },
  {
    "id": "16",
    "cate": "1",
    "code": "5",
    "name": "옥선명차 (일구다 ilguda)",
    "desc": "하동 대표 다원과 계곡이 파노라마처럼 펼쳐지는 다실 (2024년 선정 하동군 핫플레이스)",
    "address": "경님 하동군 화개면 화개로 814, 2층",
    "tel": "070-7786-5124",
    "programs": "차담, 티클래스, 티캠핑",
    "detail": "null",
    "main_img_url": "commonfiles/images/img_1_5_0.png",
    "sub_img_url": "commonfiles/images/img_1_5_1.png",
    "qr_img_url": "https://www.instagram.com/ilguda.tea",
    "temp_val": "@ilguda.tea"
  },
  {
    "id": "17",
    "cate": "1",
    "code": "6",
    "name": "야외 찻자리",
    "desc": "하동군 경관차밭 관광자원으로 자연 속 야외에서 차를 마실 수 있는 곳",
    "address": "화개면 일대 ",
    "tel": "055-880-2734",
    "programs": "야외 찻자리 (25개소)",
    "detail": "null",
    "main_img_url": "commonfiles/images/img_1_6_0.png",
    "sub_img_url": "commonfiles/images/img_1_6_1.png",
    "qr_img_url": "null",
    "temp_val": "null"
  },
  {
    "id": "18",
    "cate": "1",
    "code": "7",
    "name": "차시배지",
    "desc": "신라 흥덕왕 3년(828년) 대렴공이 차씨를 들여와 우리나라에서 처음으로 차나무를 심은 곳",
    "address": "화개면 운수리 산 127",
    "tel": "null",
    "programs": "null",
    "detail": "쌍계사 차시배지는 828년(신라 흥덕왕 3년) 대렴공이 당나라에서 차나무의 씨앗을 가져와 왕명으로 지리산 일대에 처음 심은 곳이다. 그 후 진감선사(眞鑑禪師)가 차나무를 번식시켜 차가 본격적으로 보급되었다고 한다.\n1983년 경상남도 기념물 제61호로 지정되었고, 기념석과 대렴공 차시배 추원비, 진감선사 차시배 추앙비 및 고산선사의 음다송\n조형물이 세워져 우리나라 차의 본고장임을 인증하고 있다.",
    "main_img_url": "commonfiles/images/img_1_7_0.png",
    "sub_img_url": "commonfiles/images/img_1_7_1.png",
    "qr_img_url": "null",
    "temp_val": "null"
  },
  {
    "id": "19",
    "cate": "1",
    "code": "8",
    "name": "한밭제다",
    "desc": "차의 정원’으로 유명한 다원이 있는 다실 (2023년 선정 하동군 핫플레이스)",
    "address": "경남 하동군 화개면 부춘길 22",
    "tel": "010-8541-7760",
    "programs": "차담, 티클래스 (예약제), 차덖음체험, 티캠핑, 차마실 키트",
    "detail": "null",
    "main_img_url": "commonfiles/images/img_1_8_0.png",
    "sub_img_url": "commonfiles/images/img_1_8_1.png",
    "qr_img_url": "https://www.instagram.com/hanfarmtea",
    "temp_val": "null"
  },
  {
    "id": "20",
    "cate": "1",
    "code": "9",
    "name": "혜림농원",
    "desc": "차밭 위 지혜의 숲속에 자리잡은 야외 다실 (2023년 선정 하동군 핫플레이스)",
    "address": "경남 하동군 화개면 차시배지길 12-18",
    "tel": "010-8837-3131",
    "programs": "야외 티클래스 \"숲 속 찻자리\" 운영\n(예약제, 날씨에 따라\n실내에서 운영될 수 있음 )",
    "detail": "null",
    "main_img_url": "commonfiles/images/img_1_9_0.png",
    "sub_img_url": "commonfiles/images/img_1_9_1.png",
    "qr_img_url": "https://m.site.naver.com/0RAP5",
    "temp_val": "null"
  },
  {
    "id": "21",
    "cate": "2",
    "code": "5",
    "name": "K-POT 다실",
    "desc": "홍우경 도예가가 운영하는 K-POT 다실",
    "address": "경남 하동군 고전면 명교길 31",
    "tel": "010-3227-9114",
    "programs": "null",
    "detail": "null",
    "main_img_url": "commonfiles/images/img_2_0_0.png",
    "sub_img_url": "commonfiles/images/img_2_0_1.png",
    "qr_img_url": "null",
    "temp_val": "null"
  },
  {
    "id": "22",
    "cate": "2",
    "code": "1",
    "name": "쌍계명차",
    "desc": "대한민국식품명인 제28호 김동곤 명인이 운영하는 다실",
    "address": "경남 하동군 화개면 화개로 30",
    "tel": "055-883-2440",
    "programs": "null",
    "detail": "null",
    "main_img_url": "commonfiles/images/img_2_1_0.png",
    "sub_img_url": "commonfiles/images/img_2_1_1.png",
    "qr_img_url": "https://www.instagram.com/sktea_official",
    "temp_val": "null"
  },
  {
    "id": "23",
    "cate": "2",
    "code": "2",
    "name": "탑리다원",
    "desc": "아름답고 편안한 티타임을 즐길 수 있는 다실",
    "address": "경남 하동군 화개면 원탑1길 24-4",
    "tel": "010-3868-0936",
    "programs": "티클래스, 티코스 운영\n(예약제, 당일 전화예약 가능, 최대 8인)",
    "detail": "null",
    "main_img_url": "commonfiles/images/img_2_2_0.png",
    "sub_img_url": "commonfiles/images/img_2_2_1.png",
    "qr_img_url": "https://www.instagram.com/toplee_tea_lounge/",
    "temp_val": "null"
  },
  {
    "id": "24",
    "cate": "2",
    "code": "3",
    "name": "티스토리 하동",
    "desc": "수제차 전문 다실",
    "address": "경남 하동군 화개면 쌍계로 230",
    "tel": "055-883-0799",
    "programs": "티오마카세 (예약제)",
    "detail": "null",
    "main_img_url": "commonfiles/images/img_2_3_0.png",
    "sub_img_url": "commonfiles/images/img_2_3_1.png",
    "qr_img_url": "https://www.instagram.com/tea_story2020",
    "temp_val": "null"
  },
  {
    "id": "25",
    "cate": "2",
    "code": "4",
    "name": "티카페 하동",
    "desc": "하동군에서 직접 운영하는 곳으로 하동에서 생산되는 차를 기본으로 한 다양한 음료와 티푸드를 즐기고 \n치유와 힐링을 경험할 수 있는 곳",
    "address": "경남 하동군 화개면 쌍계로 571-27",
    "tel": "070-4171-8873",
    "programs": "하동 대표 식음료 판매\n티클래스, 야외족욕 체험, \n티 캠핑(차+다식)",
    "detail": "null",
    "main_img_url": "commonfiles/images/img_2_4_0.png",
    "sub_img_url": "commonfiles/images/img_2_4_1.png",
    "qr_img_url": "https://www.instagram.com/hadongtea_official/",
    "temp_val": "null"
  },
  {
    "id": "26",
    "cate": "3",
    "code": "0",
    "name": "관아수제차",
    "desc": "야생차밭에서 재배한 찻잎으로 만든 수제 덖음 차를 경험할 수 있는 다실",
    "address": "경남 하동군 화개면 목압길 24-2",
    "tel": "010-5334-7785",
    "programs": "다숙 (펜션), 다담 티코스 (예약제)",
    "detail": "null",
    "main_img_url": "commonfiles/images/img_3_0_0.png",
    "sub_img_url": "commonfiles/images/img_3_0_1.png",
    "qr_img_url": "https://www.instagram.com/gwana_tea_house",
    "temp_val": "null"
  },
  {
    "id": "27",
    "cate": "2",
    "code": "0",
    "name": "도재명차",
    "desc": "전통 덖음방식의 차를 만날 수있는 다실",
    "address": "경남 하동군 화개면 목압길 39-2",
    "tel": "010-4017-8100",
    "programs": "차담 (예약제)",
    "detail": "null",
    "main_img_url": "commonfiles/images/img_3_1_0.png",
    "sub_img_url": "commonfiles/images/img_3_1_1.png",
    "qr_img_url": "https://www.instagram.com/dojae_official",
    "temp_val": "null"
  },
  {
    "id": "28",
    "cate": "3",
    "code": "1",
    "name": "수연제다",
    "desc": "가바(GABA)차와 6대 차류를 맛 볼 수 있는 다실",
    "address": "경남 하동군 화개면 정금대비길 65-1(정금리 743번지)",
    "tel": "055-884-0894 / 010-9441-0271 / 010-9442-0271",
    "programs": "티클래스, 다숙 (펜션), 농촌교육농장 (예약제)",
    "detail": "null",
    "main_img_url": "commonfiles/images/img_3_2_0.png",
    "sub_img_url": "commonfiles/images/img_3_2_1.png",
    "qr_img_url": "https://m.smartstore.naver.com/sooyonjaeda",
    "temp_val": "null"
  },
  {
    "id": "29",
    "cate": "3",
    "code": "2",
    "name": "유로제다",
    "desc": "나만이 즐길 수 있는 차 밭 전경이 있는 다실",
    "address": "경남 하동군 화개면 신촌도심길 43-7",
    "tel": "010-2464-2711",
    "programs": "차담 (예약제), 다숙 (펜션), 툇마루 휴식 (당일가능)",
    "detail": "null",
    "main_img_url": "commonfiles/images/img_3_3_0.png",
    "sub_img_url": "commonfiles/images/img_3_3_1.png",
    "qr_img_url": "https://www.instagram.com/youro_official",
    "temp_val": "null"
  },
  {
    "id": "30",
    "cate": "3",
    "code": "3",
    "name": "청석골감로다원",
    "desc": "대한민국식품명인 제91호 황인수 명인이 운영하는 다실 (2023년 선정 하동군 핫플레이스)",
    "address": "경남 하동군 화개면 모암길 44",
    "tel": "010-6248-5501",
    "programs": "차담, 티클래스, 차덖음체험, \n다숙 (한옥 체험형, 게스트 하우스)\n당일 전화 예약 가능",
    "detail": "null",
    "main_img_url": "commonfiles/images/img_3_4_0.png",
    "sub_img_url": "commonfiles/images/img_3_4_1.png",
    "qr_img_url": "https://www.instagram.com/isuyeongim",
    "temp_val": "null"
  }
]
}
